{
  "latex_parsing": {
    "avg_time": 0.05035877227783203,
    "throughput": 19.857513493040432
  },
  "code_generation": {
    "avg_time": 0.150493323802948,
    "throughput": 6.644813037084447
  },
  "full_pipeline": {
    "avg_time": 0.30062451362609866,
    "throughput": 3.3264087081193545
  },
  "concurrent_processing": {
    "avg_time": 0.010066890716552734,
    "throughput": 99.33553747193513
  }
}