{
  "latex_parsing": {
    "avg_time": 0.0503467321395874,
    "throughput": 19.862262305872772
  },
  "code_generation": {
    "avg_time": 0.15051555633544922,
    "throughput": 6.643831537062733
  },
  "full_pipeline": {
    "avg_time": 0.3006776809692383,
    "throughput": 3.3258205157645473
  },
  "concurrent_processing": {
    "avg_time": 0.010078835487365722,
    "throughput": 99.21781154713214
  }
}