{
  "distributed_processing": {
    "total_tasks": 40,
    "successful_tasks": 40,
    "total_time": 4.76837158203125e-05,
    "throughput": 838860.8,
    "avg_time_per_task": 1.1920928955078125e-06
  },
  "load_balancing": {
    "error": "'str' object has no attribute 'value'"
  },
  "performance_optimization": {
    "baseline": {
      "processing_time": 2.0023319721221924,
      "throughput": 4.994176859395296,
      "improvement": -0.11659860610961914
    },
    "caching_enabled": {
      "processing_time": 1.402665376663208,
      "throughput": 7.129284123194755,
      "improvement": 29.8667311668396
    },
    "compression_enabled": {
      "processing_time": 1.1915345191955566,
      "throughput": 8.392539065298186,
      "improvement": 40.42327404022217
    },
    "full_optimization": {
      "processing_time": 0.7150895595550537,
      "throughput": 13.984262343617834,
      "improvement": 64.24552202224731
    }
  }
}