{
  "distributed_processing": {
    "total_tasks": 40,
    "successful_tasks": 0,
    "total_time": 4.013251066207886,
    "throughput": 9.966981716345979,
    "avg_time_per_task": 0.10033127665519714
  },
  "load_balancing": {
    "total_tasks": 24,
    "completed_tasks": 24,
    "processing_time": 1.001237392425537,
    "worker_count": 6
  },
  "performance_optimization": {
    "baseline": {
      "processing_time": 2.001830577850342,
      "throughput": 4.9954277403128,
      "improvement": -0.09152889251708984
    },
    "caching_enabled": {
      "processing_time": 1.4027409553527832,
      "throughput": 7.128900002413521,
      "improvement": 29.86295223236084
    },
    "compression_enabled": {
      "processing_time": 1.1914777755737305,
      "throughput": 8.392938756398301,
      "improvement": 40.42611122131348
    },
    "full_optimization": {
      "processing_time": 0.7150037288665771,
      "throughput": 13.985941046562072,
      "improvement": 64.24981355667114
    }
  }
}